"Country name","Regional indicator","Ladder score","Standard error of ladder score","upperwhisker","lowerwhisker","Logged GDP per capita","Social support","Healthy life expectancy","Freedom to make life choices","Generosity","Perceptions of corruption","Ladder score in Dystopia","Explained by: Log GDP per capita","Explained by: Social support","Explained by: Healthy life expectancy","Explained by: Freedom to make life choices","Explained by: Generosity","Explained by: Perceptions of corruption","Dystopia + residual"
"Finland","Western Europe","7.8087000846863","0.031156305223703","7.8697662353516","7.747633934021","10.639266967773","0.9543297290802","71.900825500488","0.94917219877243","-0.059482019394636","0.19544458389282","1.9723167419434","1.2851895093918","1.4995259046555","0.96127140522003","0.66231673955917","0.15967044234276","0.47785726189613","2.7628350257874"
"Denmark","Western Europe","7.6455998420715","0.033492285758257","7.7112445831299","7.5799551010132","10.774001121521","0.9559907913208","72.402503967285","0.95144426822662","0.066201776266098","0.16848945617676","1.9723167419434","1.3269485235214","1.5034492015839","0.97933256626129","0.66503989696503","0.2427933961153","0.49526032805443","2.432740688324"
"Switzerland","Western Europe","7.5598998069763","0.035014171153307","7.6285276412964","7.4912719726562","10.979932785034","0.942846596241","74.102447509766","0.92133665084839","0.10591103881598","0.30372843146324","1.9723167419434","1.3907742500305","1.4724034070969","1.0405331850052","0.62895447015762","0.2690557539463","0.40794590115547","2.3502674102783"
"Iceland","Western Europe","7.504499912262","0.059615861624479","7.621346950531","7.3876528739929","10.772559165955","0.97466957569122","73","0.94889187812805","0.24694421887398","0.71170973777771","1.9723167419434","1.3265016078949","1.547567486763","1.0008434057236","0.66198074817657","0.36233022809029","0.144540771842","2.4606881141663"
"Norway","Western Europe","7.4879999160767","0.034837383776903","7.5562810897827","7.4197187423706","11.087803840637","0.95248657464981","73.200782775879","0.95575028657913","0.13453263044357","0.26321819424629","1.9723167419434","1.4242073297501","1.4951725006104","1.0080718994141","0.67020088434219","0.28798508644104","0.43410056829453","2.1682662963867"
"Netherlands","Western Europe","7.4489002227783","0.027791749686003","7.5033721923828","7.3944282531738","10.812711715698","0.9391388297081","72.300918579102","0.90854781866074","0.20761243999004","0.36471712589264","1.9723167419434","1.3389463424683","1.4636459350586","0.97567534446716","0.61362648010254","0.33631756901741","0.36856976151466","2.352117061615"
"Sweden","Western Europe","7.3534998893738","0.036234196275473","7.4245190620422","7.2824807167053","10.758793830872","0.9263111948967","72.600769042969","0.93914419412613","0.11161462217569","0.2508801817894","1.9723167419434","1.3222352266312","1.4333477020264","0.98647046089172","0.6502977013588","0.27282789349556","0.44206637144089","2.2462992668152"
"New Zealand","North America and ANZ","7.2996001243591","0.039465468376875","7.3769526481628","7.2222476005554","10.500943183899","0.94911897182465","73.202629089355","0.93621748685837","0.19159807264805","0.22113884985447","1.9723167419434","1.2423179149628","1.4872183799744","1.0081382989883","0.64678990840912","0.32572621107101","0.46126827597618","2.1281080245972"
"Austria","Western Europe","7.2941999435425","0.033365163952112","7.3595957756042","7.2288041114807","10.742823600769","0.9280458688736","73.002502441406","0.89998948574066","0.085429221391678","0.49995487928391","1.9723167419434","1.3172855377197","1.4374449253082","1.0009335279465","0.60336887836456","0.25550976395607","0.28125613927841","2.3984460830688"
"Luxembourg","Western Europe","7.2375001907349","0.030851794406772","7.2979698181152","7.1770305633545","11.450680732727","0.90691220760345","72.599998474121","0.90563642978668","-0.0046205879189074","0.36708429455757","1.9723167419434","1.5366760492325","1.3875284194946","0.98644268512726","0.61013704538345","0.19595392048359","0.3670414686203","2.1537003517151"
"Canada","North America and ANZ","7.2321000099182","0.040405459702015","7.3112945556641","7.1529054641724","10.692368507385","0.92717665433884","73.601600646973","0.933913230896","0.12477076798677","0.39084336161613","1.9723167419434","1.3016476631165","1.4353919029236","1.0225019454956","0.64402812719345","0.28152891993523","0.35170185565948","2.1952691078186"
"Australia","North America and ANZ","7.2227997779846","0.041841115802526","7.304808139801","7.1407914161682","10.720596313477","0.94485461711884","73.604537963867","0.91543173789978","0.19046016037464","0.4151691198349","1.9723167419434","1.3103964328766","1.4771462678909","1.0226076841354","0.62187719345093","0.32497361302376","0.33599641919136","2.1298041343689"
"United Kingdom","Western Europe","7.1645002365112","0.037161909043789","7.2373375892639","7.0916628837585","10.600134849548","0.93668282032013","72.301605224609","0.83474367856979","0.26373249292374","0.43591591715813","1.9723167419434","1.2730610370636","1.4578449726105","0.97570008039474","0.52516865730286","0.37343344092369","0.32260164618492","2.2367219924927"
"Israel","Middle East and North Africa","7.1286001205444","0.042515181005001","7.2119297981262","7.0452704429626","10.417525291443","0.91357123851776","73.200256347656","0.74758058786392","0.10259371995926","0.78085505962372","1.9723167419434","1.2164636850357","1.4032567739487","1.008052945137","0.42069947719574","0.26686179637909","0.09989845007658","2.7133584022522"
"Costa Rica","Latin America and Caribbean","7.1213998794556","0.044816117733717","7.2092394828796","7.0335602760315","9.6581563949585","0.90154594182968","71.299850463867","0.93473893404007","-0.10242971032858","0.78633242845535","1.9723167419434","0.98110771179199","1.3748536109924","0.93963533639908","0.64501774311066","0.13126631081104","0.096362091600895","2.9531350135803"
"Ireland","Western Europe","7.0936999320984","0.039863452315331","7.1718320846558","7.015567779541","11.160978317261","0.94208157062531","72.300788879395","0.88698297739029","0.14578497409821","0.35718417167664","1.9723167419434","1.4468867778778","1.4705964326859","0.97567069530487","0.58777993917465","0.29542699456215","0.37343326210976","1.9438781738281"
"Germany","Western Europe","7.0757999420166","0.035609804093838","7.1455950737","7.0060048103333","10.732818603516","0.89887446165085","72.202018737793","0.86737108230591","0.080179385840893","0.45642203092575","1.9723167419434","1.3141845464706","1.3685437440872","0.97211480140686","0.56427413225174","0.25203770399094","0.30936229228973","2.2952494621277"
"United States","North America and ANZ","6.9395999908447","0.047316167503595","7.0323395729065","6.846860408783","10.925768852234","0.91421902179718","68.299499511719","0.84261953830719","0.14989173412323","0.69971531629562","1.9723167419434","1.3739868402481","1.4047867059708","0.83161801099777","0.53460824489594","0.29814305901527","0.15228474140167","2.3441247940063"
"Czech Republic","Central and Eastern Europe","6.9109001159668","0.042891297489405","6.9949669837952","6.8268332481384","10.404163360596","0.91443067789078","70.04793548584","0.8185373544693","-0.23086151480675","0.85844624042511","1.9723167419434","1.2123223543167","1.4052866697311","0.89456444978714","0.50574457645416","0.04632592946291","0.049803223460913","2.7968082427979"
"Belgium","Western Europe","6.8635001182556","0.034370355308056","6.9308662414551","6.7961339950562","10.673639297485","0.9116325378418","72.001647949219","0.81358206272125","-0.078691199421883","0.61229795217514","1.9723167419434","1.2958427667618","1.3986775875092","0.96490114927292","0.49980542063713","0.14696615934372","0.20872405171394","2.3486266136169"
"United Arab Emirates","Middle East and North Africa","6.7908000946045","0.040698379278183","6.8705687522888","6.7110314369202","11.109998703003","0.84918111562729","67.082786560059","0.94134551286697","0.12345084547997","0.59450221061707","1.9723167419434","1.4310864210129","1.2511709928513","0.78781443834305","0.65293610095978","0.28065598011017","0.22021351754665","2.1669659614563"
"Malta","Western Europe","6.7727999687195","0.042958103120327","6.8569979667664","6.6886019706726","10.533838272095","0.93037950992584","72.199996948242","0.92491143941879","0.21496580541134","0.65854728221893","1.9723167419434","1.2525132894516","1.4429569244385","0.97204202413559","0.63323903083801","0.34118083119392","0.17886407673359","1.9520120620728"
"France","Western Europe","6.6637997627258","0.037576790899038","6.7374501228333","6.5901494026184","10.584222793579","0.93710374832153","73.801933288574","0.82546764612198","-0.13064196705818","0.58352112770081","1.9723167419434","1.2681293487549","1.4588391780853","1.0297142267227","0.51405090093613","0.11260770261288","0.22730323672295","2.0531983375549"
"Mexico","Latin America and Caribbean","6.4650001525879","0.048122469335794","6.5593199729919","6.3706803321838","9.797797203064","0.83866542577744","68.299026489258","0.8587092757225","-0.17526662349701","0.80682158470154","1.9723167419434","1.0243874788284","1.2263334989548","0.83160102367401","0.55389255285263","0.083094485104084","0.083133667707443","2.6625401973724"
"Taiwan Province of China","East Asia","6.4553999900818","0.039139576256275","6.5321135520935","6.3786864280701","10.775685310364","0.89430910348892","69.599998474121","0.77153033018112","-0.073198698461056","0.73188292980194","1.9723167419434","1.3274705410004","1.3577606678009","0.87843799591064","0.44940438866615","0.15059870481491","0.13151635229588","2.1602387428284"
"Uruguay","Latin America and Caribbean","6.4401001930237","0.045419082045555","6.5291213989258","6.3510789871216","9.9481925964355","0.92281126976013","69.002548217773","0.89239543676376","-0.10110311210155","0.63599413633347","1.9723167419434","1.07100045681","1.4250811338425","0.85692888498306","0.59426707029343","0.13214369118214","0.1934250742197","2.1672763824463"
"Saudi Arabia","Middle East and North Africa","6.4064998626709","0.056533612310886","6.5173058509827","6.2956938743591","10.797812461853","0.87406706809998","66.305145263672","0.85419124364853","-0.16869506239891","0.68261951208115","1.9723167419434","1.3343285322189","1.3099501132965","0.75981813669205","0.54847747087479","0.087440684437752","0.16332231462002","2.2031188011169"
"Spain","Western Europe","6.400899887085","0.042300369590521","6.4838085174561","6.3179912567139","10.462926864624","0.9211254119873","74.402709960938","0.75198954343796","-0.050961714237928","0.76585990190506","1.9723167419434","1.2305352687836","1.4210991859436","1.0513430833817","0.42598381638527","0.16530548036098","0.10957977920771","1.997088432312"
"Guatemala","Latin America and Caribbean","6.3989000320435","0.058398302644491","6.5133605003357","6.2844395637512","8.9248056411743","0.81662148237228","64.808944702148","0.90814757347107","-0.04293866455555","0.78323745727539","1.9723167419434","0.75381571054459","1.1742670536041","0.7059525847435","0.61314672231674","0.17061166465282","0.098360300064087","2.8827230930328"
"Italy","Western Europe","6.3874001502991","0.043288074433804","6.4722447395325","6.3025555610657","10.48183631897","0.88987857103348","73.601684570312","0.66465198993683","-0.043460998684168","0.87340468168259","1.9723167419434","1.236396074295","1.347295999527","1.0225049257278","0.3213055729866","0.17026621103287","0.040145598351955","2.2495059967041"
"Singapore","Southeast Asia","6.3770999908447","0.033258967101574","6.4422874450684","6.3119125366211","11.39552116394","0.91026896238327","76.804580688477","0.92664533853531","0.029879223555326","0.10978419333696","1.9723167419434","1.5195801258087","1.3954569101334","1.137814283371","0.63531720638275","0.21877090632915","0.53316223621368","0.93703174591064"
"Brazil","Latin America and Caribbean","6.375599861145","0.040790688246489","6.4555497169495","6.2956500053406","9.5664348602295","0.89672380685806","66.480163574219","0.79980480670929","-0.10181239247322","0.77060127258301","1.9723167419434","0.95267987251282","1.3634641170502","0.76611906290054","0.48329272866249","0.13167458772659","0.10651860386133","2.5718603134155"
"Slovenia","Central and Eastern Europe","6.3633999824524","0.043841313570738","6.4493288993835","6.2774710655212","10.392322540283","0.93957567214966","71.102989196777","0.93614262342453","-0.080603383481503","0.81707102060318","1.9723167419434","1.2086524963379","1.4646776914597","0.93254804611206","0.64670014381409","0.1457014977932","0.076516322791576","1.8885865211487"
"El Salvador","Latin America and Caribbean","6.3482999801636","0.058248437941074","6.4624667167664","6.2341332435608","8.9090757369995","0.80609226226807","66.108261108398","0.83380526304245","-0.1210729777813","0.75431990623474","1.9723167419434","0.74894040822983","1.149397611618","0.75273001194","0.52404391765594","0.11893630027771","0.11703035235405","2.9371917247772"
"Kosovo","Central and Eastern Europe","6.3252000808716","0.052216276526451","6.4275441169739","6.2228560447693","9.2044296264648","0.82072651386261","63.885555267334","0.86153590679169","0.19093376398087","0.92232829332352","1.9723167419434","0.84048134088516","1.1839628219604","0.67270916700363","0.55728042125702","0.32528686523438","0.0085590239614248","2.7369027137756"
"Panama","Latin America and Caribbean","6.3048000335693","0.059724930673838","6.4218606948853","6.1877393722534","10.034234046936","0.90209448337555","69.603012084961","0.88036650419235","-0.15392771363258","0.85158890485764","1.9723167419434","1.0976678133011","1.3761492967606","0.87854653596878","0.57984977960587","0.097207307815552","0.054230526089668","2.2211761474609"
"Slovakia","Central and Eastern Europe","6.2806000709534","0.038897570222616","6.3568391799927","6.2043609619141","10.347749710083","0.92249375581741","68.906341552734","0.74995267391205","-0.12440930306911","0.91809612512589","1.9723167419434","1.1948376893997","1.4243311882019","0.85346525907516","0.42354252934456","0.11672977358103","0.011291440576315","2.2564220428467"
"Uzbekistan","Commonwealth of Independent States","6.2575998306274","0.05422754958272","6.3638858795166","6.1513137817383","8.7403717041016","0.9265958070755","65.107574462891","0.97499811649323","0.24842715263367","0.50149738788605","1.9723167419434","0.69665294885635","1.4340200424194","0.71670371294022","0.69327032566071","0.36331102252007","0.2802602648735","2.0733466148376"
"Chile","Latin America and Caribbean","6.2284998893738","0.045723889023066","6.3181185722351","6.1388812065125","10.032054901123","0.87971359491348","69.900619506836","0.74489629268646","-0.065668366849422","0.83823943138123","1.9723167419434","1.0969924926758","1.3232868909836","0.88926082849503","0.41748222708702","0.15557900071144","0.062849350273609","2.2830128669739"
"Bahrain","Middle East and North Africa","6.2273001670837","0.081882260739803","6.3877892494202","6.0668110847473","10.676380157471","0.87634211778641","68.5","0.90585577487946","0.13372918963432","0.73934710025787","1.9723167419434","1.2966922521591","1.3153237104416","0.83883637189865","0.61039990186691","0.28745371103287","0.12669725716114","1.7519173622131"
"Lithuania","Central and Eastern Europe","6.2154998779297","0.044193107634783","6.3021183013916","6.1288814544678","10.343626022339","0.92610710859299","67.294075012207","0.74738144874573","-0.2197252959013","0.80958384275436","1.9723167419434","1.1935596466064","1.4328657388687","0.79542118310928","0.42046079039574","0.053691040724516","0.081350274384022","2.2381460666656"
"Trinidad and Tobago","Latin America and Caribbean","6.1918997764587","0.11444845795631","6.4162187576294","5.9675807952881","10.26000213623","0.91529417037964","63.5","0.85790711641312","0.00052684068214148","0.91223061084747","1.9723167419434","1.1676415205002","1.4073262214661","0.65882855653763","0.5529311299324","0.1993582546711","0.015078395605087","2.1906957626343"
"Poland","Central and Eastern Europe","6.1862998008728","0.035500165075064","6.255880355835","6.1167192459106","10.265124320984","0.87425744533539","69.311134338379","0.86205577850342","-0.20508407056332","0.68692702054977","1.9723167419434","1.1692291498184","1.3103997707367","0.86803847551346","0.5579035282135","0.063374243676662","0.16054125130177","2.0567979812622"
"Colombia","Latin America and Caribbean","6.1634001731873","0.056480873376131","6.2741026878357","6.0526976585388","9.5003690719604","0.88444024324417","67.699584960938","0.8361799120903","-0.1612356454134","0.86457180976868","1.9723167419434","0.93220371007919","1.3344509601593","0.81002014875412","0.52689003944397","0.092374093830585","0.045848369598389","2.4216566085815"
"Cyprus","Western Europe","6.1589999198914","0.050605937838554","6.2581877708435","6.0598120689392","10.405702590942","0.80599623918533","73.702224731445","0.77985829114914","0.043731495738029","0.85627174377441","1.9723167419434","1.2127994298935","1.14917075634","1.0261245965958","0.45938587188721","0.22793233394623","0.051207143813372","2.0323348045349"
"Nicaragua","Latin America and Caribbean","6.1371002197266","0.06388696283102","6.262318611145","6.0118818283081","8.4931602478027","0.85749703645706","67.507179260254","0.86390286684036","0.020959140732884","0.66595011949539","1.9723167419434","0.62003314495087","1.2708127498627","0.80309325456619","0.5601173043251","0.21287147700787","0.17408457398415","2.4960811138153"
"Romania","Central and Eastern Europe","6.1237001419067","0.047432564198971","6.2166681289673","6.0307321548462","10.107583999634","0.82516151666641","67.207237243652","0.84282320737839","-0.19781520962715","0.93430024385452","1.9723167419434","1.1204016208649","1.1944380998611","0.79229485988617","0.53485232591629","0.068181619048119","0.00082956883125007","2.4127497673035"
"Kuwait","Middle East and North Africa","6.1020998954773","0.053297732025385","6.2065634727478","5.9976363182068","11.089824676514","0.84647524356842","66.767646789551","0.87236648797989","-0.10018470138311","0.76084905862808","1.9723167419434","1.4248336553574","1.2447798252106","0.77646893262863","0.57026141881943","0.13275109231472","0.1128149330616","1.8401679992676"
"Mauritius","Sub-Saharan Africa","6.1012997627258","0.057226493954659","6.2134637832642","5.9891357421875","9.9567861557007","0.91035783290863","66.404342651367","0.88953453302383","-0.018318573012948","0.80534309148788","1.9723167419434","1.0736639499664","1.3956668376923","0.76338940858841","0.59083813428879","0.18689455091953","0.084088228642941","2.0067205429077"
"Kazakhstan","Commonwealth of Independent States","6.0578999519348","0.043229784816504","6.1426301002502","5.9731698036194","10.114658355713","0.93474489450455","64.609962463379","0.81160193681717","-0.068488635122776","0.76449084281921","1.9723167419434","1.1225942373276","1.4532676935196","0.69878894090652","0.49743214249611","0.15371379256248","0.1104636862874","2.0216026306152"
"Estonia","Central and Eastern Europe","6.0218000411987","0.035985194146633","6.0923309326172","5.9512691497803","10.340017318726","0.93472999334335","68.604957580566","0.87770915031433","-0.11169777065516","0.62307381629944","1.9723167419434","1.1924412250519","1.4532325267792","0.84261500835419","0.57666480541229","0.12513674795628","0.20176681876183","1.62992811203"
"Philippines","Southeast Asia","6.0060000419617","0.049858402460814","6.1037225723267","5.9082775115967","8.9935455322266","0.84673005342484","61.926761627197","0.9154634475708","-0.10546300560236","0.73363411426544","1.9723167419434","0.77512067556381","1.2453817129135","0.60218948125839","0.62191516160965","0.129260212183","0.13038572669029","2.5017418861389"
"Hungary","Central and Eastern Europe","6.0004000663757","0.039473220705986","6.0777673721313","5.9230327606201","10.249243736267","0.92193412780762","67.609970092773","0.71896457672119","-0.19432301819324","0.89291650056839","1.9723167419434","1.1643071174622","1.4230093955994","0.80679386854172","0.38640180230141","0.07049123942852","0.027548173442483","2.1218457221985"
"Thailand","Southeast Asia","5.9987998008728","0.04259629547596","6.0822887420654","5.9153108596802","9.7417917251587","0.88997322320938","67.250595092773","0.90506303310394","0.26868519186974","0.88627231121063","1.9723167419434","1.0070292949677","1.3475195169449","0.79385584592819","0.60944980382919","0.37670901417732","0.031837861984968","1.8323841094971"
"Argentina","Latin America and Caribbean","5.9746999740601","0.053441759198904","6.0794458389282","5.8699541091919","9.8109550476074","0.90056794881821","68.803802490234","0.83113241195679","-0.19491386413574","0.84200984239578","1.9723167419434","1.028465628624","1.3725436925888","0.84977370500565","0.5208403468132","0.070100471377373","0.060415059328079","2.0725409984589"
"Honduras","Latin America and Caribbean","5.9531998634338","0.065731592476368","6.0820336341858","5.8243660926819","8.4245347976685","0.82187014818192","67.198768615723","0.87060326337814","0.086969114840031","0.80113190412521","1.9723167419434","0.59876358509064","1.1866641044617","0.79198998212814","0.56814807653427","0.25652819871902","0.086807101964951","2.4642953872681"
"Latvia","Central and Eastern Europe","5.9499998092651","0.034838136285543","6.0182824134827","5.8817172050476","10.175319671631","0.91828858852386","66.807464599609","0.67123764753342","-0.1868888437748","0.79558008909225","1.9723167419434","1.1413954496384","1.4143987894058","0.77790242433548","0.32919880747795","0.075407944619656","0.090391524136066","2.1212830543518"
"Ecuador","Latin America and Caribbean","5.9251999855042","0.052880633622408","6.0288462638855","5.8215537071228","9.2460584640503","0.8364189863205","68.500038146973","0.85982894897461","-0.12701496481895","0.80121511220932","1.9723167419434","0.85338360071182","1.2210276126862","0.83883774280548","0.55523455142975","0.1150064766407","0.086753383278847","2.2549338340759"
"Portugal","Western Europe","5.9109001159668","0.053158197551966","6.0150899887085","5.8067102432251","10.263742446899","0.88659071922302","72.40202331543","0.88874781131744","-0.2207143008709","0.8926295042038","1.9723167419434","1.1688008308411","1.3395303487778","0.97931528091431","0.58989518880844","0.053036946803331","0.027733465656638","1.7525587081909"
"Jamaica","Latin America and Caribbean","5.8898000717163","0.12059043347836","6.126157283783","5.6534428596497","9.0062503814697","0.9157018661499","67.099998474121","0.85806852579117","-0.12510676681995","0.88889002799988","1.9723167419434","0.77905839681625","1.4082891941071","0.78843408823013","0.55312460660934","0.11626849323511","0.030147785320878","2.2144365310669"
"South Korea","East Asia","5.8723998069763","0.044085014611483","5.95880651474","5.7859930992126","10.510566711426","0.79938715696335","73.602729797363","0.61296510696411","-0.043404031544924","0.78906744718552","1.9723167419434","1.2453006505966","1.1335605382919","1.0225425958633","0.25935634970665","0.1703038662672","0.094596281647682","1.9467570781708"
"Japan","East Asia","5.8708000183105","0.041391666978598","5.9519276618958","5.7896723747253","10.579689025879","0.88354593515396","75.000968933105","0.80996137857437","-0.24691034853458","0.65455806255341","1.9723167419434","1.2667241096497","1.3323386907578","1.0728813409805","0.49546587467194","0.035711780190468","0.18143963813782","1.4862003326416"
"Peru","Latin America and Caribbean","5.7968001365662","0.061311203986406","5.9169702529907","5.6766300201416","9.4563131332397","0.83107525110245","68.100234985352","0.82476609945297","-0.16238822042942","0.8937149643898","1.9723167419434","0.91854918003082","1.2084059715271","0.82444417476654","0.51321005821228","0.091611817479134","0.027032660320401","2.213499546051"
"Serbia","Central and Eastern Europe","5.7782001495361","0.050712324678898","5.8775963783264","5.6788039207458","9.680980682373","0.88147574663162","68.210205078125","0.72649586200714","-0.073676221072674","0.84350901842117","1.9723167419434","0.98818182945251","1.327448964119","0.82840329408646","0.39542841911316","0.15028288960457","0.059447146952152","2.0290400981903"
"Bolivia","Latin America and Caribbean","5.7474999427795","0.050645422190428","5.8467650413513","5.6482348442078","8.8511152267456","0.80310869216919","63.600471496582","0.87587332725525","-0.091681130230427","0.82260620594025","1.9723167419434","0.73097634315491","1.1423505544662","0.66244566440582","0.57446449995041","0.13837507367134","0.072942636907101","2.4259285926819"
"Pakistan","South Asia","5.6932997703552","0.048216223716736","5.7878036499023","5.5987958908081","8.4827270507812","0.68906229734421","58.253135681152","0.73483371734619","0.044899869710207","0.74570542573929","1.9723167419434","0.61679947376251","0.87297958135605","0.46993324160576","0.4054217338562","0.22870506346226","0.12259212136269","2.9768767356873"
"Paraguay","Latin America and Caribbean","5.6921000480652","0.051957864314318","5.7939376831055","5.5902624130249","9.3899822235107","0.89872789382935","65.639938354492","0.88592344522476","0.0079977130517364","0.83478850126266","1.9723167419434","0.89799082279205","1.3681975603104","0.73586964607239","0.58651006221771","0.2042992413044","0.065077379345894","1.8341252803802"
"Dominican Republic","Latin America and Caribbean","5.689199924469","0.069831296801567","5.826069355011","5.552330493927","9.6648807525635","0.88208538293839","65.807487487793","0.86620277166367","-0.13126328587532","0.75599992275238","1.9723167419434","0.98319184780121","1.3288888931274","0.7419016957283","0.56287389993668","0.11219678074121","0.11594568192959","1.8442468643188"
"Bosnia and Herzegovina","Central and Eastern Europe","5.6740999221802","0.046385962516069","5.7650165557861","5.5831832885742","9.4558172225952","0.82920414209366","67.808135986328","0.65135270357132","0.098274558782578","0.93376910686493","1.9723167419434","0.91839545965195","1.2039865255356","0.81392818689346","0.3053657412529","0.26400524377823","0.001172487041913","2.1672420501709"
"Moldova","Commonwealth of Independent States","5.6075000762939","0.042275577783585","5.6903600692749","5.524640083313","8.7767143249512","0.84331357479095","65.01301574707","0.72160917520523","-0.037741038948298","0.91331428289413","1.9723167419434","0.70791679620743","1.2373121976852","0.71329945325851","0.38957148790359","0.17404918372631","0.01437874417752","2.3709683418274"
"Tajikistan","Commonwealth of Independent States","5.5556998252869","0.032321576029062","5.6190500259399","5.4923496246338","8.0248107910156","0.83529710769653","64.104591369629","0.83138340711594","-0.025088511407375","0.59207606315613","1.9723167419434","0.47487461566925","1.2183777093887","0.68059480190277","0.52114117145538","0.18241712450981","0.22177991271019","2.2565083503723"
"Montenegro","Central and Eastern Europe","5.5461001396179","0.048985820263624","5.6421122550964","5.4500880241394","9.7518606185913","0.85531461238861","68.505348205566","0.64956563711166","-0.075600355863571","0.78312158584595","1.9723167419434","1.0101500749588","1.2656579017639","0.83902889490128","0.3032238483429","0.14901033043861","0.098435111343861","1.8805658817291"
"Russia","Commonwealth of Independent States","5.5460000038147","0.039609670639038","5.6236348152161","5.4683651924133","10.128871917725","0.90315073728561","64.100456237793","0.7298926115036","-0.15115374326706","0.86480259895325","1.9723167419434","1.1269996166229","1.3786441087723","0.68044590950012","0.39949959516525","0.099041916429996","0.04569936171174","1.8157167434692"
"Kyrgyzstan","Commonwealth of Independent States","5.5415000915527","0.043677467852831","5.6271080970764","5.4558920860291","8.1484050750732","0.88722848892212","64.106010437012","0.90937489271164","0.15477205812931","0.88839608430862","1.9723167419434","0.51318097114563","1.3410366773605","0.68064588308334","0.6146177649498","0.30137073993683","0.030466690659523","2.0602066516876"
"Belarus","Commonwealth of Independent States","5.5398998260498","0.037060037255287","5.6125373840332","5.4672622680664","9.7799453735352","0.9067474603653","66.104331970215","0.63916307687759","-0.16492654383183","0.63571166992188","1.9723167419434","1.0188544988632","1.3871393203735","0.75258857011795","0.29075586795807","0.089933060109615","0.19360743463039","1.8069911003113"
"North Cyprus","Western Europe","5.5355000495911","0.051037240773439","5.6355328559875","5.4354672431946","10.405702590942","0.82035660743713","73.702224731445","0.79529350996017","0.00022715852537658","0.62611567974091","1.9723167419434","1.2127994298935","1.1830891370773","1.0261245965958","0.47788572311401","0.19916005432606","0.19980290532112","1.2366876602173"
"Greece","Western Europe","5.5149998664856","0.046931833028793","5.6069860458374","5.4230136871338","10.132326126099","0.81438034772873","72.405258178711","0.54134511947632","-0.30090737342834","0.85993140935898","1.9723167419434","1.1280701160431","1.1689735651016","0.9794317483902","0.17351634800434","0","0.04884435236454","2.0161790847778"
"Hong Kong S.A.R. of China","East Asia","5.5103998184204","0.046019028872252","5.6005969047546","5.4202027320862","10.934671401978","0.84596908092499","76.771705627441","0.77983379364014","0.13497990369797","0.42060720920563","1.9723167419434","1.3767460584641","1.2435842752457","1.136630654335","0.45935651659966","0.28828090429306","0.33248543739319","0.6732931137085"
"Croatia","Central and Eastern Europe","5.5047001838684","0.037783645093441","5.5787563323975","5.4306440353394","10.070875167847","0.87462371587753","70.214904785156","0.71483880281448","-0.12853832542896","0.91649526357651","1.9723167419434","1.1090242862701","1.311264872551","0.90057557821274","0.38145688176155","0.11399897933006","0.012325005605817","1.6760292053223"
"Libya","Middle East and North Africa","5.4888000488281","0.060677204281092","5.6077275276184","5.3698725700378","9.78981590271","0.82594293355942","62.299999237061","0.77315700054169","-0.085054486989975","0.66877913475037","1.9723167419434","1.021913766861","1.196283698082","0.61562663316727","0.45135405659676","0.14275769889355","0.17225807905197","1.8885631561279"
"Mongolia","East Asia","5.4562001228333","0.040313236415386","5.5352139472961","5.3771862983704","9.4121866226196","0.93714249134064","62.304485321045","0.69335132837296","0.098093867301941","0.86351120471954","1.9723167419434","0.90487277507782","1.4589306116104","0.61578816175461","0.35570311546326","0.26388573646545","0.04653312638402","1.8105275630951"
"Malaysia","Southeast Asia","5.3843002319336","0.048802696168423","5.479953289032","5.2886471748352","10.262518882751","0.81650942564011","67.102157592773","0.89462685585022","0.11472679674625","0.83930230140686","1.9723167419434","1.168421626091","1.174002289772","0.78851187229156","0.5969415307045","0.27488616108894","0.062163133174181","1.3194208145142"
"Vietnam","Southeast Asia","5.3534998893738","0.033800762146711","5.4197492599487","5.2872505187988","8.8095455169678","0.84998714923859","67.952735900879","0.93959295749664","-0.094533331692219","0.79642122983932","1.9723167419434","0.71809238195419","1.2530747652054","0.8191339969635","0.65083557367325","0.13648872077465","0.089848458766937","1.685977935791"
"Indonesia","Southeast Asia","5.2856001853943","0.047692380845547","5.3790774345398","5.1921229362488","9.3697519302368","0.80837988853455","62.155849456787","0.87061440944672","0.51958650350571","0.87629640102386","1.9723167419434","0.89172071218491","1.1548008918762","0.61043703556061","0.5681614279747","0.54264652729034","0.038278613239527","1.4795734882355"
"Ivory Coast","Sub-Saharan Africa","5.2333002090454","0.073095515370369","5.376567363739","5.0900330543518","8.2255611419678","0.65804868936539","49.503772735596","0.72790932655334","-0.043991155922413","0.79077196121216","1.9723167419434","0.53709441423416","0.79972726106644","0.15494251251221","0.39712253212929","0.16991558670998","0.093495793640614","3.0810225009918"
"Benin","Sub-Saharan Africa","5.2160000801086","0.077759243547916","5.368408203125","5.0635919570923","7.6743197441101","0.46867114305496","54.312465667725","0.73518258333206","-0.0035372127313167","0.74053257703781","1.9723167419434","0.36624470353127","0.3524284362793","0.32806295156479","0.40583989024162","0.19667042791843","0.12593187391758","3.4408097267151"
"Maldives","South Asia","5.1975998878479","0.071985401213169","5.3386912345886","5.0565085411072","9.5186328887939","0.91316092014313","70.599998474121","0.8539627790451","0.038085497915745","0.82421106100082","1.9723167419434","0.93786430358887","1.4022876024246","0.91443955898285","0.54820364713669","0.22419825196266","0.071906492114067","1.0986747741699"
"Congo (Brazzaville)","Sub-Saharan Africa","5.1943998336792","0.077028967440128","5.3453764915466","5.0434231758118","8.5369873046875","0.64022809267044","57.924480438232","0.71905851364136","-0.12367409467697","0.75177907943726","1.9723167419434","0.63361674547195","0.75763601064682","0.4581011235714","0.38651439547539","0.11721601337194","0.11867078393698","2.7226195335388"
"Azerbaijan","Commonwealth of Independent States","5.1648001670837","0.034197241067886","5.2318267822266","5.0977735519409","9.6877269744873","0.81930828094482","65.508399963379","0.7868241071701","-0.24025528132915","0.55253756046295","1.9723167419434","0.99027270078659","1.1806130409241","0.73113405704498","0.46773472428322","0.040113214403391","0.24730718135834","1.5076329708099"
"Macedonia","Central and Eastern Europe","5.1598000526428","0.046761535108089","5.2514524459839","5.0681476593018","9.510591506958","0.82039231061935","67.504425048828","0.73884093761444","-0.019877450540662","0.89749050140381","1.9723167419434","0.93537199497223","1.1831735372543","0.80299413204193","0.41022458672523","0.18586353957653","0.024595059454441","1.6175949573517"
"Ghana","Sub-Saharan Africa","5.1479997634888","0.058634608983994","5.2629237174988","5.0330758094788","8.3506450653076","0.72860109806061","57.203987121582","0.79479652643204","0.094170853495598","0.84796476364136","1.9723167419434","0.57586246728897","0.9663679599762","0.43216225504875","0.47729006409645","0.26129120588303","0.056570380926132","2.3784372806549"
"Nepal","South Asia","5.1371998786926","0.057692084461451","5.2502765655518","5.0241231918335","7.9253573417664","0.78551244735718","63.779178619385","0.79756504297256","0.15416882932186","0.73809915781021","1.9723167419434","0.44405037164688","1.100789308548","0.66887938976288","0.4806082546711","0.30097180604935","0.12750296294689","2.0143868923187"
"Turkey","Middle East and North Africa","5.1318001747131","0.039838459342718","5.2098836898804","5.0537166595459","10.129419326782","0.82631355524063","66.902816772461","0.60883045196533","-0.17104643583298","0.74819737672806","1.9723167419434","1.127169251442","1.1971591711044","0.78133529424667","0.25440075993538","0.085885569453239","0.12098324298859","1.5648167133331"
"China","East Asia","5.123899936676","0.025901664048433","5.1746673583984","5.0731325149536","9.6885681152344","0.79876059293747","69.289192199707","0.8985179066658","-0.18142575025558","0.75397109985352","1.9723167419434","0.99053341150284","1.1320806741714","0.86724853515625","0.60160511732101","0.079021044075489","0.11725555360317","1.3361818790436"
"Turkmenistan","Commonwealth of Independent States","5.1191000938416","0.02937981672585","5.1766843795776","5.0615158081055","9.7480325698853","0.95896619558334","62.211708068848","0.82645702362061","0.18767154216766","0.88369184732437","1.9723167419434","1.0089635848999","1.5104769468307","0.61244803667068","0.51523667573929","0.32312932610512","0.033503890037537","1.1153373718262"
"Bulgaria","Central and Eastern Europe","5.1015000343323","0.044221170246601","5.1881732940674","5.0148267745972","9.8693189620972","0.93784034252167","66.803977966309","0.74517816305161","-0.14390844106674","0.93558514118195","1.9723167419434","1.046554684639","1.460578918457","0.77777689695358","0.41782006621361","0.10383371263742","0","1.2949614524841"
"Morocco","Middle East and North Africa","5.0947999954224","0.055650450289249","5.2038750648499","4.9857249259949","8.9403133392334","0.59262847900391","65.896240234375","0.77207243442535","-0.24037724733353","0.81572461128235","1.9723167419434","0.75862210988998","0.64520847797394","0.74509692192078","0.45005413889885","0.040032550692558","0.077385604381561","2.3784024715424"
"Cameroon","Sub-Saharan Africa","5.0848999023438","0.067296072840691","5.2168002128601","4.9529995918274","8.1186475753784","0.70038640499115","52.704940795898","0.7630518078804","-0.0014964503934607","0.8513365983963","1.9723167419434","0.50395804643631","0.89972645044327","0.27018955349922","0.43924248218536","0.19802010059357","0.054393421858549","2.71937084198"
"Venezuela","Latin America and Caribbean","5.0531997680664","0.06428050994873","5.1791896820068","4.927209854126","8.9777936935425","0.89040815830231","66.505340576172","0.62327831983566","-0.16909050941467","0.837038397789","1.9723167419434","0.77023863792419","1.3485468626022","0.76702553033829","0.27171722054482","0.087179154157639","0.063624776899815","1.7448408603668"
"Algeria","Middle East and North Africa","5.005099773407","0.04423600807786","5.0918021202087","4.9183974266052","9.5379648208618","0.80338513851166","65.905174255371","0.4666109085083","-0.12110516428947","0.73548513650894","1.9723167419434","0.94385600090027","1.1430035829544","0.74541854858398","0.083943799138069","0.11891501396894","0.12919065356255","1.8408117294312"
"Senegal","Sub-Saharan Africa","4.980800151825","0.05276907980442","5.0842275619507","4.8773727416992","8.1189823150635","0.72361600399017","59.599151611328","0.69059616327286","-0.052335154265165","0.80878514051437","1.9723167419434","0.50406181812286","0.95459342002869","0.51839190721512","0.35240089893341","0.16439713537693","0.081865936517715","2.4051239490509"
"Guinea","Sub-Saharan Africa","4.9492998123169","0.07304222881794","5.0924625396729","4.8061370849609","7.7509903907776","0.63757348060608","54.467800140381","0.70684677362442","0.076328471302986","0.76179444789886","1.9723167419434","0.39000773429871","0.75136595964432","0.33365523815155","0.37187805771828","0.24949084222317","0.11220455914736","2.7407298088074"
"Niger","Sub-Saharan Africa","4.9095997810364","0.077208280563354","5.0609278678894","4.7582716941833","6.8421669006348","0.61743503808975","53.500095367432","0.75977212190628","0.013860817067325","0.7225301861763","1.9723167419434","0.10833033174276","0.70380014181137","0.29881635308266","0.43531161546707","0.20817689597607","0.13755476474762","3.0176305770874"
"Laos","Southeast Asia","4.8885998725891","0.040268614888191","4.9675264358521","4.8096733093262","8.7985801696777","0.73750221729279","58.709922790527","0.90721356868744","0.11137147992849","0.63467931747437","1.9723167419434","0.71469384431839","0.98739188909531","0.48637828230858","0.61202728748322","0.27266710996628","0.19427396357059","1.621152639389"
"Albania","Central and Eastern Europe","4.8826999664307","0.056115731596947","4.9926867485046","4.7727131843567","9.4179306030273","0.67107045650482","68.708137512207","0.78199422359467","-0.042309489101171","0.89630371332169","1.9723167419434","0.90665304660797","0.83048391342163","0.84632962942123","0.46194589138031","0.171027764678","0.025361284613609","1.6408970355988"
"Cambodia","Southeast Asia","4.8484001159668","0.058006871491671","4.9620933532715","4.7347068786621","8.2498903274536","0.77308064699173","61.529968261719","0.95970463752747","0.051911178976297","0.82276904582977","1.9723167419434","0.54463493824005","1.0714260339737","0.5879043340683","0.67494034767151","0.23334208130836","0.072837501764297","1.663300037384"
"Bangladesh","South Asia","4.832799911499","0.0401241928339","4.91144323349","4.7541565895081","8.2870635986328","0.6872929930687","64.503067016602","0.90062499046326","-0.033664725720882","0.6618435382843","1.9723167419434","0.55615627765656","0.86880058050156","0.69494050741196","0.60413056612015","0.17674511671066","0.17673590779305","1.7552618980408"
"Gabon","Sub-Saharan Africa","4.8292999267578","0.060268241912127","4.9474258422852","4.7111740112305","9.6805372238159","0.78788685798645","59.715339660645","0.70482921600342","-0.2222616225481","0.84915095567703","1.9723167419434","0.98804438114166","1.1063975095749","0.52257484197617","0.36945989727974","0.052013602107763","0.055804539471865","1.735027551651"
"South Africa","Sub-Saharan Africa","4.8140997886658","0.060023590922356","4.931746006012","4.6964535713196","9.4033708572388","0.8525322675705","56.506011962891","0.75933009386063","-0.10977732390165","0.84342384338379","1.9723167419434","0.90214043855667","1.2590862512589","0.4070340692997","0.43478181958199","0.12640684843063","0.059502139687538","1.6251173019409"
"Iraq","Middle East and North Africa","4.7848000526428","0.077791877090931","4.9372720718384","4.6323280334473","9.6610956192017","0.74769496917725","59.903549194336","0.63318264484406","-0.069564759731293","0.82226181030273","1.9723167419434","0.98201870918274","1.0114666223526","0.52935069799423","0.28358805179596","0.15300206840038","0.073164992034435","1.7521736621857"
"Lebanon","Middle East and North Africa","4.7715001106262","0.043753985315561","4.8572578430176","4.6857423782349","9.3617238998413","0.82433813810349","67.106582641602","0.55135750770569","-0.06121527031064","0.90225625038147","1.9723167419434","0.88923251628876","1.1924933195114","0.7886711359024","0.18551667034626","0.1585241407156","0.021518146619201","1.5355422496796"
"Burkina Faso","Sub-Saharan Africa","4.7687001228333","0.06206726655364","4.8903517723083","4.6470484733582","7.468544960022","0.71294361352921","53.889453887939","0.66556358337402","-0.019080515950918","0.73979502916336","1.9723167419434","0.30246764421463","0.92938590049744","0.31283387541771","0.32239815592766","0.18639060854912","0.12640805542469","2.588826417923"
"Gambia","Sub-Saharan Africa","4.750599861145","0.067163653671741","4.8822407722473","4.6189589500427","7.3218145370483","0.69316869974136","55.012016296387","0.73316317796707","0.34319871664047","0.69071781635284","1.9723167419434","0.25699055194855","0.88267868757248","0.35324788093567","0.40341952443123","0.42598968744278","0.15809379518032","2.2702164649963"
"Mali","Sub-Saharan Africa","4.7293000221252","0.064362764358521","4.8554511070251","4.6031489372253","7.6298522949219","0.73146897554398","51.726982116699","0.71156615018845","-0.044366925954819","0.83932840824127","1.9723167419434","0.3524626493454","0.9731417298317","0.23498152196407","0.37753444910049","0.16966705024242","0.06214627623558","2.559335231781"
"Nigeria","Sub-Saharan Africa","4.724100112915","0.052116259932518","4.8262481689453","4.6219520568848","8.5766248703003","0.73721688985825","49.861907958984","0.75957840681076","0.033745806664228","0.86187434196472","1.9723167419434","0.64590185880661","0.98671793937683","0.16783593595028","0.43507945537567","0.22132812440395","0.047589935362339","2.2196354866028"
"Armenia","Commonwealth of Independent States","4.6767997741699","0.058595355600119","4.7916464805603","4.5619530677795","9.1004762649536","0.757479429245","66.75065612793","0.71201783418655","-0.13877961039543","0.7735447883606","1.9723167419434","0.80826240777969","1.0345768928528","0.77585726976395","0.37807580828667","0.10722573846579","0.10461818426847","1.4681615829468"
"Georgia","Commonwealth of Independent States","4.6725997924805","0.043417412787676","4.757698059082","4.5875015258789","9.2261009216309","0.62903302907944","64.495208740234","0.80164152383804","-0.22892037034035","0.66594469547272","1.9723167419434","0.84719806909561","0.73119390010834","0.69465762376785","0.48549410700798","0.047609735280275","0.17408807575703","1.6923983097076"
"Iran","Middle East and North Africa","4.6723999977112","0.055878020823002","4.7819209098816","4.5628790855408","9.8137197494507","0.69468969106674","66.006149291992","0.64787328243256","0.11789110302925","0.71463596820831","1.9723167419434","1.0293225049973","0.88627117872238","0.74905383586884","0.30119547247887","0.27697893977165","0.14265151321888","1.2869694232941"
"Jordan","Middle East and North Africa","4.6333999633789","0.058751218020916","4.7485523223877","4.5182476043701","9.0259990692139","0.80216372013092","66.799751281738","0.75104779005051","-0.16256520152092","0.70034432411194","1.9723167419434","0.78517919778824","1.140118598938","0.77762472629547","0.42485508322716","0.091494768857956","0.1518786251545","1.2622580528259"
"Mozambique","Sub-Saharan Africa","4.6236000061035","0.079284086823463","4.7789969444275","4.4682030677795","7.0693459510803","0.72387403249741","54.205821990967","0.86445188522339","0.032375868409872","0.68301910161972","1.9723167419434","0.17874136567116","0.95520287752151","0.32422363758087","0.56077533960342","0.22042210400105","0.16306431591511","2.2212162017822"
"Kenya","Sub-Saharan Africa","4.5830001831055","0.067804984748363","4.7158980369568","4.4501023292542","8.0297756195068","0.70265203714371","60.09693145752","0.82974755764008","0.29468151926994","0.83149915933609","1.9723167419434","0.47641339898109","0.9050777554512","0.53631275892258","0.51918053627014","0.39390209317207","0.06720107793808","1.6849045753479"
"Namibia","Sub-Saharan Africa","4.5711002349854","0.060983475297689","4.6906280517578","4.4515724182129","9.2031412124634","0.84688097238541","56.501487731934","0.76752096414566","-0.1853064596653","0.85144978761673","1.9723167419434","0.84008198976517","1.2457381486893","0.40687116980553","0.44459897279739","0.076454482972622","0.054320342838764","1.5030331611633"
"Ukraine","Commonwealth of Independent States","4.5606999397278","0.049683894962072","4.6580805778503","4.4633193016052","9.0106906890869","0.87887936830521","64.606781005859","0.66308188438416","-0.030933706089854","0.92063671350479","1.9723167419434","0.78043460845947","1.3213164806366","0.69867438077927","0.31942370533943","0.17855131626129","0.0096511598676443","1.2526693344116"
"Liberia","Sub-Saharan Africa","4.5578999519348","0.08195635676384","4.7185344696045","4.3972654342651","7.0543804168701","0.70928055047989","56.096313476562","0.73526871204376","0.042273219674826","0.85637593269348","1.9723167419434","0.17410300672054","0.92073392868042","0.39228427410126","0.40594309568405","0.22696787118912","0.051139876246452","2.386757850647"
"Palestinian Territories","Middle East and North Africa","4.5528001785278","0.055874817073345","4.6623148918152","4.4432854652405","8.3892230987549","0.82529592514038","62.25","0.64579182863235","-0.16207909584045","0.8241999745369","1.9723167419434","0.58781921863556","1.1947555541992","0.61382657289505","0.29870074987411","0.091816261410713","0.071913652122021","1.6939857006073"
"Uganda","Sub-Saharan Africa","4.4320001602173","0.068495452404022","4.5662512779236","4.297749042511","7.5003895759583","0.76499462127686","55.708202362061","0.731713950634","0.09948743134737","0.8367378115654","1.9723167419434","0.31233742833138","1.0523273944855","0.37831166386604","0.40168255567551","0.26480737328529","0.063818842172623","1.9586710929871"
"Chad","Sub-Saharan Africa","4.4226999282837","0.075231321156025","4.5701532363892","4.2752466201782","7.4679636955261","0.63238805532455","48.220539093018","0.58730524778366","0.017834719270468","0.80276083946228","1.9723167419434","0.3022874891758","0.73911827802658","0.10874409973621","0.22860176861286","0.21080508828163","0.085755407810211","2.7474265098572"
"Tunisia","Middle East and North Africa","4.3921999931335","0.049670532345772","4.4895544052124","4.2948455810547","9.3149728775024","0.68871855735779","66.897857666016","0.59336155653","-0.21641381084919","0.86759024858475","1.9723167419434","0.8747426867485","0.87216770648956","0.78115671873093","0.23586055636406","0.055881142616272","0.043899573385715","1.5284967422485"
"Mauritania","Sub-Saharan Africa","4.3745999336243","0.055093340575695","4.4825830459595","4.2666168212891","8.2339191436768","0.79081922769547","57.010177612305","0.55152255296707","-0.10600814223289","0.74622350931168","1.9723167419434","0.53968489170074","1.1133235692978","0.42518481612206","0.18571448326111","0.12889966368675","0.12225763499737","1.859557390213"
"Sri Lanka","South Asia","4.3270001411438","0.053085524588823","4.4310479164124","4.2229523658752","9.3899698257446","0.82537406682968","67.200065612793","0.83763366937637","0.081129617989063","0.85900175571442","1.9723167419434","0.89798694849014","1.1949400901794","0.79203671216965","0.52863246202469","0.25266614556313","0.049444563686848","0.61128854751587"
"Congo (Kinshasa)","Sub-Saharan Africa","4.3109998703003","0.10899823158979","4.5246362686157","4.0973634719849","6.6942563056946","0.67215901613235","52.900001525879","0.70079356431961","0.083637654781342","0.80940359830856","1.9723167419434","0.062487468123436","0.83305501937866","0.27721205353737","0.36462298035622","0.25432488322258","0.081466645002365","2.4378643035889"
"Swaziland","Sub-Saharan Africa","4.3081002235413","0.071451939642429","4.448145866394","4.1680545806885","9.1626739501953","0.77029019594193","51.188236236572","0.64682227373123","-0.19920141994953","0.70826333761215","1.9723167419434","0.82753974199295","1.064835190773","0.21558582782745","0.29993578791618","0.067264832556248","0.14676587283611","1.6862072944641"
"Myanmar","Southeast Asia","4.308000087738","0.042949214577675","4.3921804428101","4.223819732666","8.6804819107056","0.78440701961517","58.961711883545","0.89507520198822","0.56066399812698","0.64512431621552","1.9723167419434","0.67809092998505","1.0981782674789","0.49544307589531","0.59747886657715","0.56981372833252","0.18753035366535","0.68146252632141"
"Comoros","Sub-Saharan Africa","4.2885999679565","0.084340192377567","4.4539065361023","4.1232933998108","7.8336300849915","0.62566244602203","57.349010467529","0.5476126074791","0.090008407831192","0.78062260150909","1.9723167419434","0.41562077403069","0.72323280572891","0.43738332390785","0.18102823197842","0.25853827595711","0.10004853457212","2.1727690696716"
"Togo","Sub-Saharan Africa","4.1872000694275","0.062506772577763","4.3097133636475","4.0646867752075","7.357711315155","0.55131262540817","54.719898223877","0.64982861280441","0.0026678745634854","0.75773346424103","1.9723167419434","0.26811626553535","0.547622859478","0.34273117780685","0.30353903770447","0.2007742524147","0.11482645571232","2.4095952510834"
"Ethiopia","Sub-Saharan Africa","4.1862001419067","0.03891509398818","4.2624735832214","4.109926700592","7.5093855857849","0.74330735206604","58.639591217041","0.74079519510269","0.043377332389355","0.75369000434875","1.9723167419434","0.315125644207","1.0011032819748","0.4838462471962","0.41256687045097","0.22769810259342","0.11743703484535","1.6284592151642"
"Madagascar","Sub-Saharan Africa","4.165599822998","0.057542104274035","4.2783823013306","4.0528173446655","7.2816858291626","0.66819590330124","59.10542678833","0.55757409334183","-0.011823639273643","0.81748563051224","1.9723167419434","0.24455320835114","0.82369434833527","0.50061702728271","0.19296754896641","0.1911900639534","0.07624863833189","2.136298418045"
"Egypt","Middle East and North Africa","4.1514000892639","0.035979423671961","4.2219195365906","4.0808806419373","9.3165416717529","0.73544782400131","61.780151367188","0.70835417509079","-0.19687831401825","0.78772687911987","1.9723167419434","0.87522894144058","0.98253953456879","0.5969113111496","0.37368473410606","0.068801254034042","0.095461793243885","1.1588182449341"
"Sierra Leone","Sub-Saharan Africa","3.9263999462128","0.061150789260864","4.0462555885315","3.806544303894","7.2688031196594","0.63614201545715","50.865142822266","0.71531504392624","0.08866074681282","0.86133068799973","1.9723167419434","0.2405603826046","0.74798494577408","0.20395396649837","0.38202768564224","0.25764700770378","0.04794093593955","2.0462718009949"
"Burundi","Sub-Saharan Africa","3.7753000259399","0.10712238401175","3.9852600097656","3.5653400421143","6.4926424026489","0.49032571911812","53.400001525879","0.6263502240181","-0.017551597207785","0.60693454742432","1.9723167419434","0","0.40357527136803","0.29521283507347","0.27539905905724","0.18740178644657","0.21218682825565","2.4015073776245"
"Zambia","Sub-Saharan Africa","3.7593998908997","0.060676690191031","3.878326177597","3.6404736042023","8.2247200012207","0.69882446527481","55.299377441406","0.80650025606155","0.07803712785244","0.80128967761993","1.9723167419434","0.53683376312256","0.89603728055954","0.36359333992004","0.49131754040718","0.25062090158463","0.086705237627029","1.1343393325806"
"Haiti","Latin America and Caribbean","3.7207999229431","0.10146300494671","3.9196674823761","3.5219323635101","7.4113292694092","0.59324783086777","55.598625183105","0.53782516717911","0.40053457021713","0.68476724624634","1.9723167419434","0.28473442792892","0.64667135477066","0.37436673045158","0.16929751634598","0.4639096558094","0.16193567216396","1.6199169158936"
"Lesotho","Sub-Saharan Africa","3.6528000831604","0.082120984792709","3.8137571811676","3.4918429851532","7.960488319397","0.78049570322037","48.003623962402","0.73812586069107","-0.14573204517365","0.85739207267761","1.9723167419434","0.45493873953819","1.0889400243759","0.10093481093645","0.40936753153801","0.10262764245272","0.050483822822571","1.4455139636993"
"India","South Asia","3.5732998847961","0.027702234685421","3.6275963783264","3.5190033912659","8.8498239517212","0.59220093488693","60.215187072754","0.88144487142563","0.057551607489586","0.77204269170761","1.9723167419434","0.73057615756989","0.64419865608215","0.54057013988495","0.58114224672318","0.23707248270512","0.10558798164129","0.734130859375"
"Malawi","Sub-Saharan Africa","3.5380001068115","0.070260517299175","3.6757106781006","3.4002895355225","7.0622262954712","0.54400730133057","57.592887878418","0.8032231926918","0.021433278918266","0.73170077800751","1.9723167419434","0.17653472721577","0.5303680896759","0.44616329669952","0.48738983273506","0.21318505704403","0.13163395226002","1.5527182817459"
"Yemen","Middle East and North Africa","3.5274000167847","0.054158084094524","3.6335499286652","3.4212501049042","7.7596826553345","0.81798058748245","56.727283477783","0.59992027282715","-0.15773543715477","0.80028772354126","1.9723167419434","0.39270177483559","1.1774771213531","0.41500017046928","0.24372148513794","0.094689011573792","0.087352126836777","1.1164727210999"
"Botswana","Sub-Saharan Africa","3.4788999557495","0.060542691498995","3.5975637435913","3.3602361679077","9.7112035751343","0.77912175655365","58.924453735352","0.82132810354233","-0.25039449334145","0.77793091535568","1.9723167419434","0.99754899740219","1.0856947898865","0.49410173296928","0.50908941030502","0.033407486975193","0.1017863675952","0.25724053382874"
"Tanzania","Sub-Saharan Africa","3.4762001037598","0.063209749758244","3.6000912189484","3.3523089885712","7.9676651954651","0.68893319368362","57.496074676514","0.82153975963593","0.10966868698597","0.6197994351387","1.9723167419434","0.45716312527657","0.87267464399338","0.44267785549164","0.50934308767319","0.27154091000557","0.20388086140156","0.7189633846283"
"Central African Republic","Sub-Saharan Africa","3.4758999347687","0.11518295109272","3.7016584873199","3.2501413822174","6.6251602172852","0.31945985555649","45.200000762939","0.64088064432144","0.082410357892513","0.89180666208267","1.9723167419434","0.041072081774473","0","0","0.292814463377","0.25351321697235","0.028264718130231","2.8601975440979"
"Rwanda","Sub-Saharan Africa","3.3122999668121","0.05242520943284","3.4150533676147","3.2095465660095","7.6001043319702","0.54083544015884","61.098846435547","0.90058940649033","0.05548395216465","0.18354117870331","1.9723167419434","0.34324267506599","0.52287632226944","0.57238328456879","0.60408788919449","0.2357049882412","0.48554247617722","0.54844498634338"
"Zimbabwe","Sub-Saharan Africa","3.2992000579834","0.058674462139606","3.4142019748688","3.184198141098","7.8657116889954","0.76309275627136","55.617259979248","0.71145790815353","-0.072063952684402","0.81023699045181","1.9723167419434","0.42556402087212","1.0478352308273","0.37503761053085","0.37740471959114","0.15134918689728","0.080928578972816","0.84103107452393"
"South Sudan","Sub-Saharan Africa","2.8166000843048","0.10761040449142","3.0275163650513","2.6056838035583","7.4253597259521","0.55370712280273","51","0.45131361484528","0.016518548130989","0.76341730356216","1.9723167419434","0.28908297419548","0.55327850580215","0.20880903303623","0.065609253942966","0.20993460714817","0.11115679889917","1.3787512779236"
"Afghanistan","South Asia","2.5669000148773","0.031311426311731","2.6282703876495","2.5055296421051","7.462860584259","0.47036695480347","52.590000152588","0.39657300710678","-0.096429400146008","0.93368655443192","1.9723167419434","0.30070585012436","0.35643383860588","0.26605153083801","0","0.13523471355438","0.0012257853522897","1.5072356462479"
